^IIw,OKJmN;,W[<p9=,
SV?kE7,TIBw=,TIBw=,
FXtYw^tWC,TIBw=,TIBw=,
\8jmypGI,TIBw=,TIBw=,
aM9yJ?ZaKV\R[Q]HmLO,TIBw=,TIBw=,
[@D\Wygx]u,TIBw=,TIBw=,
TTWqsDMW,TIBw=,TIBw=,
\Q9gAITWVK\@T,TIBw=,TIBw=,
O8Dq0wd,TIBw=,TIBw=,
OtbTjD6v5,TIBw=,TIBw=,
^<uYOpXL,TIBw=,TIBw=,
?XtYwM6ZF,TIBw=,TIBw=,
>8pe>W>v8=,TIBw=,TIBw=,
^<uYOpXL3,TIBw=,TIBw=,
bQCi>BOMU,TIBw=,TIBw=,
\8Dx=CV]U,TIBw=,TIBw=,
`Jtq=,TIBw=,TIBw=,
b9CWWJXIX;xoZcTsY,bZKi,bZKi,
d8>rYrA,TIBw=,TIBw=,
?KpTDJOUGUm^,TIBw=,TIBw=,
bQCisIV<U[]^O,TIBw=,TIBw=,
]KtvAD:,TIBw=,TIBw=,
Eud\vT8,TIBw=,TIBw=,
bQCWAuL<M;,TIBw=,TIBw=,
o[sgMHKX6=a,TIBw=,TIBw=,
?UIqvHZ;T,TIBw=,TIBw=,
]]Jx9JOUG,TIBw=,TIBw=,
RmKYunSIEP]^I,TIBw=,TIBw=,
aPqr=J7UG,TIBw=,TIBw=,
XQqrrx;I,TIBw=,TIBw=,
]SyoEDV,TIBw=,TIBw=,
^auYE>U8PM,TIBw=,TIBw=,